pdb_file,chain,double_mutation,position_1,wt_aa_1,mt_aa_1,position_2,wt_aa_2,mt_aa_2,predicted_ddg
1GYZ_A.pdb,A,V9A:F19A,9,V,A,19,F,A,3.1195287704467773
1GYZ_A.pdb,A,V9A:F19C,9,V,A,19,F,C,2.0495736598968506
1GYZ_A.pdb,A,V9A:F19D,9,V,A,19,F,D,3.4268605709075928
1GYZ_A.pdb,A,V9A:F19E,9,V,A,19,F,E,3.2729523181915283
1PSE_A.pdb,A,V8A:L65A,8,V,A,65,L,A,3.4628994464874268
1PSE_A.pdb,A,V8A:L65C,8,V,A,65,L,C,2.759300708770752
1PSE_A.pdb,A,V8A:L65D,8,V,A,65,L,D,3.467809677124023
1PSE_A.pdb,A,V8A:L65E,8,V,A,65,L,E,3.4151041507720947
1QKH_A.pdb,A,D4A:S27A,4,D,A,27,S,A,0.6629573106765747
1QKH_A.pdb,A,D4A:S27C,4,D,A,27,S,C,0.2808433771133423
1QKH_A.pdb,A,D4A:S27D,4,D,A,27,S,D,0.7063132524490356
1QP2_A.pdb,A,K7A:T23A,7,K,A,23,T,A,1.64680814743042
1QP2_A.pdb,A,K7A:T23C,7,K,A,23,T,C,1.0959943532943726
1QP2_A.pdb,A,K7A:T23D,7,K,A,23,T,D,2.1717803478240967
1QP2_A.pdb,A,K7A:T23E,7,K,A,23,T,E,1.2993402481079102
1TUC_A.pdb,A,W23A:F34A,23,W,A,34,F,A,4.961487770080566
1TUC_A.pdb,A,W23A:F34C,23,W,A,34,F,C,3.2714040279388428
1TUC_A.pdb,A,W23A:F34D,23,W,A,34,F,D,4.300050258636475
1TUC_A.pdb,A,W23A:F34F,23,W,A,34,F,F,3.196122407913208
