pdb,chain,identifier,position_1,position_2,wt_aa_1,wt_aa_2,mt_aa_1,mt_aa_2,additive_single_baseline_DDG_kcal_per_mol,calibrated_additive_prior_DDG_kcal_per_mol,calibration_delta_DDG_kcal_per_mol,contact_prior_DDG_kcal_per_mol,residual_gate,interaction_residual_DDG_kcal_per_mol,total_correction_DDG_kcal_per_mol,predicted_DDG_kcal_per_mol
1QP2_A,A,1QP2_A_K7Q:T23A,7,23,K,T,Q,A,1.8416798114776611,1.268216609954834,-0.5734632015228271,0.9377717971801758,0.025074541568756104,-0.02286733128130436,-0.5963305234909058,1.2453492879867554
1QP2_A,A,1QP2_A_K7Q:T23D,7,23,K,T,Q,D,2.437114715576172,1.9607787132263184,-0.47633594274520874,0.9377717971801758,0.03679874166846275,-0.022672947496175766,-0.4990088939666748,1.938105821609497
1QP2_A,A,1QP2_A_K7Q:T23E,7,23,K,T,Q,E,1.0886509418487549,0.8532480001449585,-0.23540295660495758,0.9377717971801758,0.03766070306301117,-0.026034699752926826,-0.26143765449523926,0.8272132873535156
1QP2_A,A,1QP2_A_K7Q:T23H,7,23,K,T,Q,H,1.4927430152893066,0.9377881288528442,-0.5549548864364624,0.9377717971801758,0.019429886713624,-0.01929880864918232,-0.5742536783218384,0.9184893369674683
1QP2_A,A,1QP2_A_K7Q:T23K,7,23,K,T,Q,K,1.7603099346160889,1.008216142654419,-0.7520937919616699,0.9377717971801758,0.018863089382648468,-0.021418660879135132,-0.7735124826431274,0.9867974519729614
1QP2_A,A,1QP2_A_K7Q:T23N,7,23,K,T,Q,N,2.152188777923584,1.5855772495269775,-0.5666114687919617,0.9377717971801758,0.028476562350988388,-0.02336178906261921,-0.5899732708930969,1.5622155666351318
1QP2_A,A,1QP2_A_K7Q:T23Q,7,23,K,T,Q,Q,1.3936344385147095,0.9861892461776733,-0.40744519233703613,0.9377717971801758,0.02718953788280487,-0.021441763266921043,-0.42888695001602173,0.9647474884986877
1QP2_A,A,1QP2_A_K7Q:T23R,7,23,K,T,Q,R,1.6948039531707764,0.9832732677459717,-0.7115306854248047,0.9377717971801758,0.020550480112433434,-0.021799905225634575,-0.7333306074142456,0.9614733457565308
1QP2_A,A,1QP2_A_K7Q:T23S,7,23,K,T,Q,S,1.6929645538330078,1.2506611347198486,-0.44230344891548157,0.9377717971801758,0.028996679931879044,-0.022058648988604546,-0.46436208486557007,1.228602409362793
1QP2_A,A,1QP2_A_K7Q:T23T,7,23,K,T,Q,T,0.692264974117279,0.5046340227127075,-0.18763098120689392,0.9377717971801758,0.06271667778491974,-0.04112735390663147,-0.2287583351135254,0.46350663900375366
3DKM_A,A,3DKM_A_R15Q:T36A,15,36,R,T,Q,A,3.7816286087036133,2.4413485527038574,-1.3402800559997559,0.9278375506401062,0.008178707212209702,-0.00834182184189558,-1.3486218452453613,2.433006763458252
3DKM_A,A,3DKM_A_R15Q:T36E,15,36,R,T,Q,E,3.5623207092285156,2.4454855918884277,-1.1168352365493774,0.9278375506401062,0.01065920852124691,-0.0088886097073555,-1.1257238388061523,2.4365968704223633
3DKM_A,A,3DKM_A_R15Q:T36H,15,36,R,T,Q,H,3.2049922943115234,2.0717921257019043,-1.1332002878189087,0.9278375506401062,0.011371525004506111,-0.01196904294192791,-1.1451693773269653,2.0598230361938477
3DKM_A,A,3DKM_A_R15Q:T36I,15,36,R,T,Q,I,1.938828706741333,1.620904803276062,-0.3179239332675934,0.9278375506401062,0.047520462423563004,-0.0371011421084404,-0.3550250828266144,1.583803653717041
3DKM_A,A,3DKM_A_R15Q:T36K,15,36,R,T,Q,K,3.2019262313842773,1.943077802658081,-1.2588484287261963,0.9278375506401062,0.010358616709709167,-0.01183680072426796,-1.2706851959228516,1.9312410354614258
3DKM_A,A,3DKM_A_R15Q:T36L,15,36,R,T,Q,L,2.829338312149048,1.9613533020019531,-0.8679850697517395,0.9278375506401062,0.021103758364915848,-0.019343649968504906,-0.8873287439346313,1.9420095682144165
3DKM_A,A,3DKM_A_R15Q:T36Q,15,36,R,T,Q,Q,3.2691447734832764,2.2224833965301514,-1.046661376953125,0.9278375506401062,0.015141040086746216,-0.013209997676312923,-1.0598713159561157,2.209273338317871
3DKM_A,A,3DKM_A_R15Q:T36R,15,36,R,T,Q,R,3.0794715881347656,1.8643962144851685,-1.2150753736495972,0.9278375506401062,0.013045291416347027,-0.01499497052282095,-1.2300703525543213,1.8494012355804443
3DKM_A,A,3DKM_A_R15Q:T36T,15,36,R,T,Q,T,2.053736686706543,1.842566728591919,-0.21116992831230164,0.9278375506401062,0.05483867600560188,-0.034619126468896866,-0.2457890510559082,1.8079476356506348
3DKM_A,A,3DKM_A_R15Q:T36V,15,36,R,T,Q,V,2.070352554321289,1.6162811517715454,-0.45407140254974365,0.9278375506401062,0.04171054810285568,-0.037024274468421936,-0.4910956621170044,1.5792568922042847
